"GO:0035770","2.827192856274633"
"GO:0034358","5.014265062146834"
"GO:0009575","7.412160334945205"
"GO:0034357","4.847210977483668"
"GO:0033655","3.8857998103290434"
"GO:0009574","7.412160334945205"
"GO:0030122","5.014265062146834"
"GO:0005592","6.313548046277095"
"GO:0034359","6.71901315438526"
"GO:0005591","7.412160334945205"
"GO:0005590","7.412160334945205"
"GO:0005838","4.773103005329946"
"GO:0005839","4.467721355778765"
"GO:0005834","4.193284510077004"
"GO:0005597","7.412160334945205"
"GO:0005832","4.467721355778765"
"GO:0005833","5.109575241951159"
"GO:0016513","7.412160334945205"
"GO:0034518","4.23410650459726"
"GO:0030124","6.71901315438526"
"GO:0016514","5.109575241951159"
"GO:0005594","6.71901315438526"
"GO:0034515","7.412160334945205"
"GO:0017177","6.313548046277095"
"GO:0031105","5.62040086571715"
"GO:0030142","7.412160334945205"
"GO:1990131","4.7041101338429945"
"GO:1990130","6.71901315438526"
"GO:0046727","7.412160334945205"
"GO:0005958","6.025865973825314"
"GO:0034774","6.71901315438526"
"GO:0005953","5.109575241951159"
"GO:0097487","5.62040086571715"
"GO:0005951","5.214935757608986"
"GO:0005950","6.025865973825314"
"GO:0097482","7.412160334945205"
"GO:0005956","5.214935757608986"
"GO:0005955","3.9156527734787248"
"GO:0097481","5.109575241951159"
"GO:0097179","6.313548046277095"
"GO:0020022","6.71901315438526"
"GO:0020023","6.313548046277095"
"GO:0020020","7.412160334945205"
"GO:0020026","7.412160334945205"
"GO:0020025","7.412160334945205"
"GO:0031074","5.332718793265369"
"GO:0061645","4.321117881586889"
"GO:0046658","3.9781731304600587"
"GO:1990590","6.71901315438526"
"GO:1990597","6.71901315438526"
"GO:0030076","6.313548046277095"
"GO:0035550","7.412160334945205"
"GO:0042555","4.773103005329946"
"GO:0005719","4.7041101338429945"
"GO:1903095","6.313548046277095"
"GO:0005712","4.467721355778765"
"GO:0097002","7.412160334945205"
"GO:0030662","4.578946990888989"
"GO:0097550","7.412160334945205"
"GO:0031259","6.71901315438526"
"GO:0031258","5.8027224225111045"
"GO:0031257","6.71901315438526"
"GO:0031256","4.5217885770490405"
"GO:0031255","7.412160334945205"
"GO:0031254","6.71901315438526"
"GO:0031253","3.6054978451748854"
"GO:0031252","4.927253685157205"
"GO:0031251","5.332718793265369"
"GO:0031250","7.412160334945205"
"GO:0036454","6.313548046277095"
"GO:0048494","6.71901315438526"
"GO:1990047","7.412160334945205"
"GO:0036457","6.71901315438526"
"GO:0036452","4.3676378972217815"
"GO:0048492","6.71901315438526"
"GO:0030677","4.5217885770490405"
"GO:0030672","5.109575241951159"
"GO:0030673","5.8027224225111045"
"GO:0030670","5.8027224225111045"
"GO:0030678","5.014265062146834"
"GO:0031380","6.71901315438526"
"GO:0005835","5.8027224225111045"
"GO:1902929","7.412160334945205"
"GO:0008021","4.116323468940876"
"GO:0008023","4.079955824770001"
"GO:0008024","5.214935757608986"
"GO:0044815","3.8568122734557915"
"GO:0010006","7.412160334945205"
"GO:0010005","7.412160334945205"
"GO:0044816","7.412160334945205"
"GO:0031499","6.71901315438526"
"GO:0060111","7.412160334945205"
"GO:0010009","4.639571612705423"
"GO:0010008","4.01096295328305"
"GO:0042721","6.313548046277095"
"GO:0042720","6.025865973825314"
"GO:0009390","7.412160334945205"
"GO:0042729","6.313548046277095"
"GO:0030700","7.412160334945205"
"GO:0089716","7.412160334945205"
"GO:0099738","5.332718793265369"
"GO:0008287","3.698588268240897"
"GO:0008280","6.71901315438526"
"GO:0008282","6.313548046277095"
"GO:0001650","6.71901315438526"
"GO:0001651","5.8027224225111045"
"GO:0001652","4.773103005329946"
"GO:0005954","6.71901315438526"
"GO:0010170","7.412160334945205"
"GO:0016456","7.412160334945205"
"GO:0009431","5.8027224225111045"
"GO:0032281","4.927253685157205"
"GO:0032280","6.313548046277095"
"GO:0008352","6.025865973825314"
"GO:0001725","4.276666119016055"
"GO:0001726","4.3676378972217815"
"GO:0070062","4.773103005329946"
"GO:0045284","7.412160334945205"
"GO:0045283","4.193284510077004"
"GO:0045282","5.014265062146834"
"GO:0070069","1.791759469228055"
"GO:1990015","7.412160334945205"
"GO:0010339","6.71901315438526"
"GO:0070083","7.412160334945205"
"GO:0032936","7.412160334945205"
"GO:0000837","7.412160334945205"
"GO:0000836","6.025865973825314"
"GO:0000835","6.025865973825314"
"GO:0010598","7.412160334945205"
"GO:0000839","7.412160334945205"
"GO:0000838","7.412160334945205"
"GO:0015050","7.412160334945205"
"GO:0046860","6.71901315438526"
"GO:0033596","4.927253685157205"
"GO:0005952","5.332718793265369"
"GO:0071686","7.412160334945205"
"GO:0071687","7.412160334945205"
"GO:0071682","6.313548046277095"
"GO:0071683","7.412160334945205"
"GO:0005967","5.4662501858898915"
"GO:0019183","7.412160334945205"
"GO:0019185","6.313548046277095"
"GO:0070531","4.416428061391214"
"GO:0035839","7.412160334945205"
"GO:0035838","5.332718793265369"
"GO:0032133","4.321117881586889"
"GO:0071339","4.773103005329946"
"GO:0034360","7.412160334945205"
"GO:0034361","6.025865973825314"
"GO:0061702","4.927253685157205"
"GO:0034363","5.4662501858898915"
"GO:0034364","5.014265062146834"
"GO:0034365","6.313548046277095"
"GO:0034366","5.332718793265369"
"GO:0070176","7.412160334945205"
"GO:0033391","4.578946990888989"
"GO:0005823","7.412160334945205"
"GO:0005822","7.412160334945205"
"GO:0005821","7.412160334945205"
"GO:0005827","4.927253685157205"
"GO:0005826","4.773103005329946"
"GO:0005825","6.71901315438526"
"GO:0005824","7.412160334945205"
"GO:0005829","2.0794415416798357"
"GO:0005828","5.332718793265369"
"GO:0046536","6.71901315438526"
"GO:0030849","5.214935757608986"
"GO:0071753","6.71901315438526"
"GO:0071750","6.313548046277095"
"GO:0071203","4.7041101338429945"
"GO:0071204","5.332718793265369"
"GO:0071757","7.412160334945205"
"GO:0071754","6.71901315438526"
"GO:1990452","6.313548046277095"
"GO:1990457","7.412160334945205"
"GO:0030445","6.71901315438526"
"GO:0030446","5.62040086571715"
"GO:0034706","4.927253685157205"
"GO:0034707","6.313548046277095"
"GO:0034704","4.416428061391214"
"GO:0034705","4.416428061391214"
"GO:0034702","3.627970701026944"
"GO:0034703","4.01096295328305"
"GO:0030289","5.214935757608986"
"GO:0005929","3.4803347022208793"
"GO:0030287","6.025865973825314"
"GO:0005927","6.313548046277095"
"GO:0030285","4.193284510077004"
"GO:0005925","4.416428061391214"
"GO:0005922","5.8027224225111045"
"GO:0005923","4.154063796923723"
"GO:0034708","3.9464244321454784"
"GO:0034709","4.7041101338429945"
"GO:0097169","5.109575241951159"
"GO:0097165","6.313548046277095"
"GO:0044530","5.214935757608986"
"GO:0016363","4.416428061391214"
"GO:0099569","6.71901315438526"
"GO:1990435","7.412160334945205"
"GO:0048555","7.412160334945205"
"GO:0048556","7.412160334945205"
"GO:0020036","7.412160334945205"
"GO:0020039","7.412160334945205"
"GO:0061671","7.412160334945205"
"GO:0031004","6.313548046277095"
"GO:0031002","7.412160334945205"
"GO:0030062","5.214935757608986"
"GO:0030061","5.4662501858898915"
"GO:0035012","7.412160334945205"
"GO:0060077","6.025865973825314"
"GO:0060076","5.332718793265369"
"GO:0005720","4.3676378972217815"
"GO:0005721","4.847210977483668"
"GO:0034388","4.639571612705423"
"GO:0002111","7.412160334945205"
"GO:0005724","5.8027224225111045"
"GO:0005725","7.412160334945205"
"GO:0005726","6.025865973825314"
"GO:0097386","5.109575241951159"
"GO:0005729","7.412160334945205"
"GO:0034385","5.332718793265369"
"GO:0097543","6.71901315438526"
"GO:0097542","5.62040086571715"
"GO:0097541","7.412160334945205"
"GO:0097540","7.412160334945205"
"GO:0097546","5.8027224225111045"
"GO:0097545","7.412160334945205"
"GO:0043159","5.62040086571715"
"GO:0060473","5.014265062146834"
"GO:0098636","5.4662501858898915"
"GO:1990070","7.412160334945205"
"GO:1990071","5.332718793265369"
"GO:1990072","5.109575241951159"
"GO:1990075","6.71901315438526"
"GO:0042405","5.332718793265369"
"GO:0042406","5.214935757608986"
"GO:0009501","6.313548046277095"
"GO:0030665","5.4662501858898915"
"GO:0005585","6.313548046277095"
"GO:0030667","4.154063796923723"
"GO:0005587","5.109575241951159"
"GO:0005581","4.847210977483668"
"GO:0005582","7.412160334945205"
"GO:0005583","6.025865973825314"
"GO:1902911","3.698588268240897"
"GO:0030669","5.8027224225111045"
"GO:0005589","6.71901315438526"
"GO:0009923","7.412160334945205"
"GO:0009921","7.412160334945205"
"GO:0009506","7.412160334945205"
"GO:0009925","4.23410650459726"
"GO:0031395","7.412160334945205"
"GO:0030681","5.4662501858898915"
"GO:0031390","4.847210977483668"
"GO:0031391","6.025865973825314"
"GO:0043847","7.412160334945205"
"GO:0043846","6.71901315438526"
"GO:1990345","7.412160334945205"
"GO:1990342","7.412160334945205"
"GO:0044393","6.313548046277095"
"GO:0044391","3.1354942159291497"
"GO:0060108","7.412160334945205"
"GO:0014069","3.9781731304600587"
"GO:0030685","7.412160334945205"
"GO:0060103","7.412160334945205"
"GO:0060102","7.412160334945205"
"GO:0060107","7.412160334945205"
"GO:0060106","7.412160334945205"
"GO:1990221","7.412160334945205"
"GO:0035003","6.313548046277095"
"GO:0060293","5.8027224225111045"
"GO:0042718","7.412160334945205"
"GO:0042719","5.4662501858898915"
"GO:0043528","6.71901315438526"
"GO:0031521","6.025865973825314"
"GO:1990225","7.412160334945205"
"GO:0045120","5.62040086571715"
"GO:0031522","6.313548046277095"
"GO:0031562","6.71901315438526"
"GO:0048046","6.313548046277095"
"GO:0031533","6.313548046277095"
"GO:0080085","7.412160334945205"
"GO:0061672","7.412160334945205"
"GO:0001739","6.71901315438526"
"GO:0005690","7.412160334945205"
"GO:0043626","4.7041101338429945"
"GO:0043625","4.467721355778765"
"GO:0045272","5.214935757608986"
"GO:0045273","6.71901315438526"
"GO:0036157","6.025865973825314"
"GO:0045271","3.7485986888155587"
"GO:0045277","1.8514787039296772"
"GO:0045275","4.639571612705423"
"GO:0070652","5.4662501858898915"
"GO:0008290","4.7041101338429945"
"GO:0032432","4.154063796923723"
"GO:0032433","5.214935757608986"
"GO:0032389","4.321117881586889"
"GO:0031897","7.412160334945205"
"GO:0071437","6.313548046277095"
"GO:0071920","5.62040086571715"
"GO:0070435","6.71901315438526"
"GO:0070436","6.71901315438526"
"GO:0071438","4.847210977483668"
"GO:0072493","7.412160334945205"
"GO:0097413","7.412160334945205"
"GO:0033095","7.412160334945205"
"GO:0033093","5.62040086571715"
"GO:0005658","4.01096295328305"
"GO:0001917","5.014265062146834"
"GO:0035840","7.412160334945205"
"GO:0035841","6.71901315438526"
"GO:0070505","7.412160334945205"
"GO:0045495","5.8027224225111045"
"GO:1901588","7.412160334945205"
"GO:0042151","6.71901315438526"
"GO:0005856","3.207467715554239"
"GO:0043540","6.025865973825314"
"GO:0043541","6.313548046277095"
"GO:0005852","3.6744907166618366"
"GO:0005853","5.4662501858898915"
"GO:0005850","5.014265062146834"
"GO:0005851","4.079955824770001"
"GO:0016282","5.4662501858898915"
"GO:0016281","4.773103005329946"
"GO:0005858","5.4662501858898915"
"GO:0005859","4.847210977483668"
"GO:0071749","6.313548046277095"
"GO:0071748","6.71901315438526"
"GO:0030877","4.847210977483668"
"GO:0030870","4.467721355778765"
"GO:0033255","7.412160334945205"
"GO:0033254","5.8027224225111045"
"GO:0033257","6.313548046277095"
"GO:0033256","5.109575241951159"
"GO:0071745","6.313548046277095"
"GO:0071212","7.412160334945205"
"GO:0071746","6.313548046277095"
"GO:1990112","6.71901315438526"
"GO:1990111","4.847210977483668"
"GO:0030478","6.025865973825314"
"GO:0030479","4.321117881586889"
"GO:0034715","4.927253685157205"
"GO:0070648","7.412160334945205"
"GO:0012505","4.154063796923723"
"GO:0012506","3.500137329517059"
"GO:0012507","4.7041101338429945"
"GO:0005935","6.313548046277095"
"GO:0005934","6.313548046277095"
"GO:0005937","6.71901315438526"
"GO:0034719","4.639571612705423"
"GO:0005930","4.079955824770001"
"GO:0005933","6.313548046277095"
"GO:0097629","6.71901315438526"
"GO:0036362","7.412160334945205"
"GO:0000235","5.332718793265369"
"GO:0020004","7.412160334945205"
"GO:0020005","6.313548046277095"
"GO:0020007","7.412160334945205"
"GO:0031019","6.71901315438526"
"GO:0020002","3.500137329517059"
"GO:0020003","5.4662501858898915"
"GO:0031011","5.332718793265369"
"GO:0031010","5.4662501858898915"
"GO:0031012","3.1080952417410352"
"GO:0030016","4.276666119016055"
"GO:0042579","3.5620127332351466"
"GO:0030014","4.416428061391214"
"GO:0030015","6.025865973825314"
"GO:0042571","6.313548046277095"
"GO:0042575","3.8012424223009806"
"GO:0030018","4.01096295328305"
"GO:0005737","1.4282240542580145"
"GO:0005736","4.578946990888989"
"GO:0002102","5.62040086571715"
"GO:0005732","4.116323468940876"
"GO:0005731","5.8027224225111045"
"GO:0005730","2.667228206581955"
"GO:0005739","2.5999759795727875"
"GO:0097025","5.332718793265369"
"GO:0097539","6.71901315438526"
"GO:0036436","7.412160334945205"
"GO:0036437","7.412160334945205"
"GO:1990063","7.412160334945205"
"GO:1990060","7.412160334945205"
"GO:0030658","4.7041101338429945"
"GO:0030659","3.7485986888155587"
"GO:0030128","7.412160334945205"
"GO:0005598","7.412160334945205"
"GO:0005593","6.313548046277095"
"GO:0030123","5.4662501858898915"
"GO:0030120","4.467721355778765"
"GO:0030121","5.214935757608986"
"GO:0030126","4.639571612705423"
"GO:0030127","4.773103005329946"
"GO:0005595","6.71901315438526"
"GO:0030125","5.214935757608986"
"GO:0030496","4.154063796923723"
"GO:0009930","7.412160334945205"
"GO:0097449","5.4662501858898915"
"GO:0031389","6.313548046277095"
"GO:0031838","6.71901315438526"
"GO:0097442","7.412160334945205"
"GO:0097443","6.71901315438526"
"GO:0097440","6.025865973825314"
"GO:0097441","7.412160334945205"
"GO:0097447","5.214935757608986"
"GO:0097445","7.412160334945205"
"GO:0032937","6.71901315438526"
"GO:0036387","4.639571612705423"
"GO:0044385","7.412160334945205"
"GO:0044384","7.412160334945205"
"GO:0042709","6.025865973825314"
"GO:0031088","6.71901315438526"
"GO:0044306","4.321117881586889"
"GO:0032398","7.412160334945205"
"GO:0000778","4.847210977483668"
"GO:0000779","4.5217885770490405"
"GO:0097203","7.412160334945205"
"GO:0000775","4.193284510077004"
"GO:0000776","4.116323468940876"
"GO:0000777","4.467721355778765"
"GO:0031528","5.109575241951159"
"GO:0000178","4.3676378972217815"
"GO:0000172","4.773103005329946"
"GO:0031520","6.313548046277095"
"GO:0031523","6.313548046277095"
"GO:0045121","3.207467715554239"
"GO:0000176","4.578946990888989"
"GO:0000177","4.467721355778765"
"GO:0031527","5.8027224225111045"
"GO:0031526","4.639571612705423"
"GO:0097209","6.71901315438526"
"GO:0044300","5.4662501858898915"
"GO:1990251","7.412160334945205"
"GO:0001740","6.71901315438526"
"GO:0001741","6.71901315438526"
"GO:0045261","4.116323468940876"
"GO:0045260","6.313548046277095"
"GO:0045263","3.9781731304600587"
"GO:0045262","5.62040086571715"
"GO:0045265","6.71901315438526"
"GO:0045264","5.214935757608986"
"GO:0045267","5.8027224225111045"
"GO:0045269","6.313548046277095"
"GO:0032421","6.313548046277095"
"GO:0032420","6.025865973825314"
"GO:0032391","5.214935757608986"
"GO:0032426","6.313548046277095"
"GO:0030936","7.412160334945205"
"GO:0000502","3.627970701026944"
"GO:0000500","6.71901315438526"
"GO:0000506","4.639571612705423"
"GO:0071914","6.313548046277095"
"GO:0010007","7.412160334945205"
"GO:0070421","6.71901315438526"
"GO:0048225","7.412160334945205"
"GO:0033062","6.71901315438526"
"GO:0033063","6.025865973825314"
"GO:0033061","4.847210977483668"
"GO:0033065","6.025865973825314"
"GO:0032302","4.467721355778765"
"GO:0035059","7.412160334945205"
"GO:1990524","7.412160334945205"
"GO:0044732","6.313548046277095"
"GO:0042642","7.412160334945205"
"GO:0042643","6.025865973825314"
"GO:0071598","6.313548046277095"
"GO:0070514","7.412160334945205"
"GO:0042641","4.23410650459726"
"GO:0035859","6.313548046277095"
"GO:0071595","4.773103005329946"
"GO:0071597","7.412160334945205"
"GO:0042385","7.412160334945205"
"GO:0017117","6.313548046277095"
"GO:0042383","4.578946990888989"
"GO:0019028","4.467721355778765"
"GO:0000127","5.8027224225111045"
"GO:0034494","7.412160334945205"
"GO:0070187","6.71901315438526"
"GO:0045170","7.412160334945205"
"GO:0005845","4.578946990888989"
"GO:0005844","4.5217885770490405"
"GO:0005847","4.3676378972217815"
"GO:0005846","4.5217885770490405"
"GO:0005840","3.3012864707718936"
"GO:0030863","4.321117881586889"
"GO:0005849","4.3676378972217815"
"GO:0005848","7.412160334945205"
"GO:0030864","4.773103005329946"
"GO:0033263","4.7041101338429945"
"GO:0033267","4.276666119016055"
"GO:0033268","4.7041101338429945"
"GO:0033269","6.313548046277095"
"GO:0035631","6.71901315438526"
"GO:0072487","5.8027224225111045"
"GO:0035145","4.23410650459726"
"GO:1990477","7.412160334945205"
"GO:0061474","7.412160334945205"
"GO:0071001","6.71901315438526"
"GO:0033116","5.332718793265369"
"GO:0071007","6.71901315438526"
"GO:0071004","6.313548046277095"
"GO:0033115","7.412160334945205"
"GO:0005900","6.71901315438526"
"GO:0005901","3.4803347022208793"
"GO:0005902","4.321117881586889"
"GO:0005903","4.23410650459726"
"GO:0005905","4.847210977483668"
"GO:0012511","7.412160334945205"
"GO:0012510","5.8027224225111045"
"GO:0043083","6.025865973825314"
"GO:0033281","6.313548046277095"
"GO:0097631","6.71901315438526"
"GO:0097630","6.71901315438526"
"GO:0097632","6.313548046277095"
"GO:0097635","6.313548046277095"
"GO:0097141","6.71901315438526"
"GO:0097140","6.71901315438526"
"GO:0097149","6.313548046277095"
"GO:0031021","5.109575241951159"
"GO:0033565","6.025865973825314"
"GO:0061696","7.412160334945205"
"GO:1990298","7.412160334945205"
"GO:0031026","7.412160334945205"
"GO:0061695","3.207467715554239"
"GO:0060053","6.71901315438526"
"GO:0070210","7.412160334945205"
"GO:0010287","7.412160334945205"
"GO:0010282","6.313548046277095"
"GO:0042568","7.412160334945205"
"GO:0042567","7.412160334945205"
"GO:0097059","6.71901315438526"
"GO:0042564","5.4662501858898915"
"GO:0030008","4.639571612705423"
"GO:0097058","6.71901315438526"
"GO:0097038","5.4662501858898915"
"GO:0002133","6.71901315438526"
"GO:0002139","7.412160334945205"
"GO:0097525","4.044864504958731"
"GO:0097524","7.412160334945205"
"GO:0097526","4.5217885770490405"
"GO:0017146","4.3676378972217815"
"GO:0097057","6.71901315438526"
"GO:0030139","3.7485986888155587"
"GO:0000345","5.8027224225111045"
"GO:0000347","5.332718793265369"
"GO:0000346","5.62040086571715"
"GO:0030131","4.847210977483668"
"GO:0030130","6.025865973825314"
"GO:0030133","3.6744907166618366"
"GO:0030132","6.025865973825314"
"GO:0030135","4.01096295328305"
"GO:0030134","4.639571612705423"
"GO:0030137","4.927253685157205"
"GO:0030136","4.044864504958731"
"GO:0030485","7.412160334945205"
"GO:0097458","2.9348235204669986"
"GO:0020018","6.71901315438526"
"GO:0097451","5.4662501858898915"
"GO:0097450","5.4662501858898915"
"GO:0020011","7.412160334945205"
"GO:0097452","4.578946990888989"
"GO:0005694","3.2690256085536724"
"GO:0097454","7.412160334945205"
"GO:0020015","6.313548046277095"
"GO:0005697","4.639571612705423"
"GO:0036396","5.214935757608986"
"GO:0036398","7.412160334945205"
"GO:0009342","7.412160334945205"
"GO:0043292","4.276666119016055"
"GO:0031358","6.025865973825314"
"GO:0031359","6.025865973825314"
"GO:0009346","6.313548046277095"
"GO:0009344","6.71901315438526"
"GO:0009345","5.8027224225111045"
"GO:0031352","6.71901315438526"
"GO:0031353","6.71901315438526"
"GO:0031350","5.8027224225111045"
"GO:0031351","5.8027224225111045"
"GO:0031356","7.412160334945205"
"GO:0031357","7.412160334945205"
"GO:0031354","5.8027224225111045"
"GO:0031355","5.8027224225111045"
"GO:0043291","6.71901315438526"
"GO:0046691","7.412160334945205"
"GO:0045009","7.412160334945205"
"GO:0098654","7.412160334945205"
"GO:0098651","5.014265062146834"
"GO:0036087","7.412160334945205"
"GO:0005784","5.62040086571715"
"GO:0044284","7.412160334945205"
"GO:0048269","5.214935757608986"
"GO:0008180","4.639571612705423"
"GO:0042600","6.71901315438526"
"GO:0042601","6.025865973825314"
"GO:0031518","6.71901315438526"
"GO:0031519","3.9156527734787248"
"GO:0031514","3.9781731304600587"
"GO:0031515","4.773103005329946"
"GO:0031510","4.7041101338429945"
"GO:0031511","7.412160334945205"
"GO:0031512","6.71901315438526"
"GO:0031513","4.193284510077004"
"GO:0044316","7.412160334945205"
"GO:0044317","7.412160334945205"
"GO:0031974","2.868865552675201"
"GO:0031428","4.416428061391214"
"GO:0005789","3.081426994658874"
"GO:0001750","5.109575241951159"
"GO:0009523","6.313548046277095"
"GO:0036379","4.5217885770490405"
"GO:0045257","4.23410650459726"
"GO:0045250","5.4662501858898915"
"GO:0045251","7.412160334945205"
"GO:0045252","4.321117881586889"
"GO:0045253","7.412160334945205"
"GO:0044352","6.025865973825314"
"GO:0036375","7.412160334945205"
"GO:0045259","3.1354942159291497"
"GO:0044354","6.025865973825314"
"GO:0098556","7.412160334945205"
"GO:0033018","6.025865973825314"
"GO:0030115","6.71901315438526"
"GO:0046540","4.5217885770490405"
"GO:0097078","7.412160334945205"
"GO:0032419","7.412160334945205"
"GO:0031422","6.71901315438526"
"GO:0042382","5.4662501858898915"
"GO:0016607","4.01096295328305"
"GO:0016605","4.321117881586889"
"GO:0016604","3.627970701026944"
"GO:0016602","4.927253685157205"
"GO:0016600","6.313548046277095"
"GO:0030056","5.4662501858898915"
"GO:0035577","6.71901315438526"
"GO:0070743","5.8027224225111045"
"GO:0030869","6.71901315438526"
"GO:0000311","6.71901315438526"
"GO:0042827","6.71901315438526"
"GO:0042824","6.313548046277095"
"GO:0042825","6.025865973825314"
"GO:0070160","4.154063796923723"
"GO:0070161","3.698588268240897"
"GO:0035869","5.014265062146834"
"GO:0000407","4.3676378972217815"
"GO:0035861","4.321117881586889"
"GO:0000408","4.5217885770490405"
"GO:0071341","7.412160334945205"
"GO:0035867","6.71901315438526"
"GO:0000974","4.01096295328305"
"GO:0097373","6.71901315438526"
"GO:0072588","6.313548046277095"
"GO:0042175","5.109575241951159"
"GO:0042170","5.62040086571715"
"GO:0005871","4.321117881586889"
"GO:0005872","7.412160334945205"
"GO:0005873","6.71901315438526"
"GO:0005874","3.6509602192516426"
"GO:0005875","3.627970701026944"
"GO:0005876","4.079955824770001"
"GO:0043564","5.8027224225111045"
"GO:0001534","6.313548046277095"
"GO:0044615","5.332718793265369"
"GO:0044614","6.313548046277095"
"GO:0044613","6.025865973825314"
"GO:0044612","6.71901315438526"
"GO:0044611","6.71901315438526"
"GO:0070369","5.214935757608986"
"GO:0097470","6.71901315438526"
"GO:0033270","5.4662501858898915"
"GO:0044609","5.332718793265369"
"GO:0071011","4.578946990888989"
"GO:0071010","6.313548046277095"
"GO:0071013","4.321117881586889"
"GO:0071012","4.639571612705423"
"GO:0071014","4.3676378972217815"
"GO:0034730","7.412160334945205"
"GO:0014731","4.847210977483668"
"GO:0005916","5.8027224225111045"
"GO:0005915","5.62040086571715"
"GO:0030868","6.025865973825314"
"GO:0005913","4.3676378972217815"
"GO:0005912","3.8012424223009806"
"GO:0005911","3.698588268240897"
"GO:0033291","7.412160334945205"
"GO:0033290","7.412160334945205"
"GO:0005919","7.412160334945205"
"GO:0005918","7.412160334945205"
"GO:0031260","7.412160334945205"
"GO:0019866","3.441868421393083"
"GO:0019867","3.1780538303479458"
"GO:0097574","7.412160334945205"
"GO:0030929","7.412160334945205"
"GO:0016938","6.71901315438526"
"GO:0030867","6.71901315438526"
"GO:0097196","6.025865973825314"
"GO:1903293","3.698588268240897"
"GO:0031039","7.412160334945205"
"GO:0035517","4.276666119016055"
"GO:0042597","3.121700893796814"
"GO:0042599","4.578946990888989"
"GO:0097518","6.71901315438526"
"GO:0043186","3.3346228910394857"
"GO:0043187","7.412160334945205"
"GO:0097047","6.71901315438526"
"GO:0043188","7.412160334945205"
"GO:0043189","4.578946990888989"
"GO:0097042","7.412160334945205"
"GO:0016461","5.332718793265369"
"GO:0097516","7.412160334945205"
"GO:0097517","4.276666119016055"
"GO:1990468","7.412160334945205"
"GO:1990463","7.412160334945205"
"GO:1990467","7.412160334945205"
"GO:0044215","7.412160334945205"
"GO:0044186","7.412160334945205"
"GO:0036410","7.412160334945205"
"GO:1990315","7.412160334945205"
"GO:0055087","5.109575241951159"
"GO:0005689","6.025865973825314"
"GO:0005688","5.014265062146834"
"GO:0005687","4.3676378972217815"
"GO:0005686","4.3676378972217815"
"GO:0005685","4.044864504958731"
"GO:0005684","4.276666119016055"
"GO:0005683","5.109575241951159"
"GO:0005682","4.5217885770490405"
"GO:0005681","4.079955824770001"
"GO:0005680","4.3676378972217815"
"GO:0070702","6.313548046277095"
"GO:0071008","4.3676378972217815"
"GO:0070703","6.313548046277095"
"GO:0009350","7.412160334945205"
"GO:0009353","6.313548046277095"
"GO:0035632","7.412160334945205"
"GO:0045281","3.8568122734557915"
"GO:0031618","5.332718793265369"
"GO:0042765","4.927253685157205"
"GO:0031616","4.578946990888989"
"GO:0070701","6.313548046277095"
"GO:0042763","5.62040086571715"
"GO:0031298","4.276666119016055"
"GO:0098862","4.23410650459726"
"GO:0098642","5.109575241951159"
"GO:1902493","3.6509602192516426"
"GO:0044298","5.4662501858898915"
"GO:1902495","3.1926526297690985"
"GO:1902494","2.3882798140989285"
"GO:0044292","6.025865973825314"
"GO:0044291","4.7041101338429945"
"GO:0044297","3.5620127332351466"
"GO:0044295","5.332718793265369"
"GO:0044294","6.313548046277095"
"GO:0000792","3.9464244321454784"
"GO:0000793","4.154063796923723"
"GO:0000790","3.6054978451748854"
"GO:0000791","4.578946990888989"
"GO:0000796","4.927253685157205"
"GO:0000797","7.412160334945205"
"GO:0000794","4.23410650459726"
"GO:0000795","4.193284510077004"
"GO:0000798","5.62040086571715"
"GO:0000799","6.025865973825314"
"GO:0009361","7.412160334945205"
"GO:0042611","6.313548046277095"
"GO:0031502","7.412160334945205"
"GO:0042613","6.71901315438526"
"GO:0042612","6.313548046277095"
"GO:0000159","4.639571612705423"
"GO:0000151","3.7745741752188193"
"GO:0000152","4.079955824770001"
"GO:0000153","4.7041101338429945"
"GO:0048189","7.412160334945205"
"GO:0048188","4.639571612705423"
"GO:0048180","4.773103005329946"
"GO:0070088","7.412160334945205"
"GO:0045242","6.313548046277095"
"GO:0045240","4.321117881586889"
"GO:0045244","6.71901315438526"
"GO:0009579","5.8027224225111045"
"GO:0009571","7.412160334945205"
"GO:0009570","4.927253685157205"
"GO:0070993","5.4662501858898915"
"GO:0070992","6.71901315438526"
"GO:0033573","7.412160334945205"
"GO:0097144","4.773103005329946"
"GO:0051233","3.9781731304600587"
"GO:0090406","6.71901315438526"
"GO:0035985","5.014265062146834"
"GO:0090404","7.412160334945205"
"GO:0070195","6.71901315438526"
"GO:0016942","6.313548046277095"
"GO:0046729","6.025865973825314"
"GO:0097229","7.412160334945205"
"GO:0019897","3.441868421393083"
"GO:0033597","6.313548046277095"
"GO:0072669","4.639571612705423"
"GO:0033593","5.62040086571715"
"GO:0019898","3.2377730650495677"
"GO:0002945","6.71901315438526"
"GO:0002944","6.71901315438526"
"GO:0044754","7.412160334945205"
"GO:1903600","6.71901315438526"
"GO:0044753","7.412160334945205"
"GO:0002169","7.412160334945205"
"GO:0044199","7.412160334945205"
"GO:0070288","4.927253685157205"
"GO:0005607","6.025865973825314"
"GO:0000417","6.313548046277095"
"GO:0000419","7.412160334945205"
"GO:0000418","7.412160334945205"
"GO:0044194","6.313548046277095"
"GO:0044195","7.412160334945205"
"GO:0071575","6.71901315438526"
"GO:0070578","6.313548046277095"
"GO:0005869","4.467721355778765"
"GO:0005868","4.23410650459726"
"GO:0005865","4.5217885770490405"
"GO:0005863","5.8027224225111045"
"GO:0005862","6.313548046277095"
"GO:0005861","4.7041101338429945"
"GO:0044167","5.332718793265369"
"GO:0070916","6.025865973825314"
"GO:0016012","5.109575241951159"
"GO:0016013","6.71901315438526"
"GO:0016010","5.014265062146834"
"GO:0016011","6.71901315438526"
"GO:0016014","6.313548046277095"
"GO:0032163","6.71901315438526"
"GO:0000934","7.412160334945205"
"GO:0071540","7.412160334945205"
"GO:0071547","5.014265062146834"
"GO:0071020","7.412160334945205"
"GO:0071021","7.412160334945205"
"GO:0016234","4.3676378972217815"
"GO:0016235","5.109575241951159"
"GO:0014704","4.773103005329946"
"GO:0014705","7.412160334945205"
"GO:0035061","6.71901315438526"
"GO:0014701","6.025865973825314"
"GO:0097610","4.578946990888989"
"GO:0030931","7.412160334945205"
"GO:0071159","7.412160334945205"
"GO:0071628","6.025865973825314"
"GO:0030905","6.71901315438526"
"GO:0030935","7.412160334945205"
"GO:0030934","6.71901315438526"
"GO:0035032","4.5217885770490405"
"GO:0033620","7.412160334945205"
"GO:0030938","7.412160334945205"
"GO:0071627","6.025865973825314"
"GO:0097183","6.313548046277095"
"GO:0097182","6.313548046277095"
"GO:0097181","6.313548046277095"
"GO:0097180","6.313548046277095"
"GO:1990526","7.412160334945205"
"GO:1990527","7.412160334945205"
"GO:0017053","4.276666119016055"
"GO:0098017","7.412160334945205"
"GO:0030027","3.9781731304600587"
"GO:1990528","7.412160334945205"
"GO:1990529","7.412160334945205"
"GO:0017059","4.639571612705423"
"GO:0042581","5.109575241951159"
"GO:0042583","7.412160334945205"
"GO:0042582","5.4662501858898915"
"GO:0042585","5.8027224225111045"
"GO:0042584","7.412160334945205"
"GO:0042587","6.313548046277095"
"GO:0042589","5.8027224225111045"
"GO:0042588","6.71901315438526"
"GO:0043190","4.3676378972217815"
"GO:0043195","5.332718793265369"
"GO:0043194","6.025865973825314"
"GO:0043197","4.01096295328305"
"GO:0043196","5.62040086571715"
"GO:0043198","4.193284510077004"
"GO:0097505","7.412160334945205"
"GO:0097504","4.927253685157205"
"GO:0035619","7.412160334945205"
"GO:1990415","7.412160334945205"
"GO:0005786","4.467721355778765"
"GO:0005787","4.639571612705423"
"GO:0031978","7.412160334945205"
"GO:0000148","6.025865973825314"
"GO:0005782","4.639571612705423"
"GO:0005783","2.923523965213065"
"GO:0005780","6.71901315438526"
"GO:0031970","3.7232808808312687"
"GO:0031976","6.71901315438526"
"GO:0031977","7.412160334945205"
"GO:0005788","3.9464244321454784"
"GO:0031975","3.58351893845611"
"GO:0030112","6.313548046277095"
"GO:0030117","4.467721355778765"
"GO:1990630","7.412160334945205"
"GO:0030119","4.639571612705423"
"GO:0030118","5.109575241951159"
"GO:0035183","7.412160334945205"
"GO:0035182","7.412160334945205"
"GO:0035189","6.025865973825314"
"GO:0005672","4.927253685157205"
"GO:0005673","5.8027224225111045"
"GO:0005671","5.4662501858898915"
"GO:0005677","4.578946990888989"
"GO:0005674","5.8027224225111045"
"GO:0005675","4.416428061391214"
"GO:1902710","5.4662501858898915"
"GO:1902711","5.4662501858898915"
"GO:1902716","7.412160334945205"
"GO:0039617","5.014265062146834"
"GO:0009366","5.62040086571715"
"GO:0009360","4.5217885770490405"
"GO:0031379","6.025865973825314"
"GO:0045025","5.4662501858898915"
"GO:0009368","4.773103005329946"
"GO:0031371","4.578946990888989"
"GO:0031372","5.8027224225111045"
"GO:0010240","7.412160334945205"
"GO:0098858","4.079955824770001"
"GO:0098859","7.412160334945205"
"GO:0098857","3.207467715554239"
"GO:0065010","4.416428061391214"
"GO:0098852","4.044864504958731"
"GO:0000781","4.044864504958731"
"GO:0000780","4.639571612705423"
"GO:0000783","4.773103005329946"
"GO:0000782","4.467721355778765"
"GO:0000785","3.2690256085536724"
"GO:0000784","4.154063796923723"
"GO:0000787","7.412160334945205"
"GO:0000786","3.9156527734787248"
"GO:0000789","6.71901315438526"
"GO:0000788","5.62040086571715"
"GO:0090665","5.014265062146834"
"GO:0000142","6.71901315438526"
"GO:0045111","6.025865973825314"
"GO:0042627","5.214935757608986"
"GO:0000145","4.639571612705423"
"GO:0000144","6.71901315438526"
"GO:0001411","5.4662501858898915"
"GO:0042629","5.214935757608986"
"GO:1990578","7.412160334945205"
"GO:0008305","5.4662501858898915"
"GO:0009783","7.412160334945205"
"GO:0036195","7.412160334945205"
"GO:0001772","5.4662501858898915"
"GO:0045239","4.276666119016055"
"GO:0009782","7.412160334945205"
"GO:0008091","6.025865973825314"
"GO:0009544","7.412160334945205"
"GO:0070969","5.014265062146834"
"GO:0009543","7.412160334945205"
"GO:1990572","6.71901315438526"
"GO:0036194","6.71901315438526"
"GO:0009356","7.412160334945205"
"GO:0008231","7.412160334945205"
"GO:0008230","7.412160334945205"
"GO:0008232","7.412160334945205"
"GO:0008541","4.773103005329946"
"GO:0008540","4.927253685157205"
"GO:1990124","6.025865973825314"
"GO:0009331","5.62040086571715"
"GO:0070765","4.773103005329946"
"GO:0070761","6.71901315438526"
"GO:0070762","6.313548046277095"
"GO:0042807","7.412160334945205"
"GO:0032279","6.313548046277095"
"GO:0009358","6.025865973825314"
"GO:0032059","6.313548046277095"
"GO:0033583","7.412160334945205"
"GO:0038037","5.62040086571715"
"GO:0038038","5.8027224225111045"
"GO:0038039","5.8027224225111045"
"GO:0033588","4.3676378972217815"
"GO:0000421","4.5217885770490405"
"GO:0071817","5.4662501858898915"
"GO:0071819","7.412160334945205"
"GO:0071818","4.321117881586889"
"GO:0044185","7.412160334945205"
"GO:0000428","3.6509602192516426"
"GO:0070545","3.8012424223009806"
"GO:0071561","4.7041101338429945"
"GO:0070618","7.412160334945205"
"GO:0071563","7.412160334945205"
"GO:0071565","6.025865973825314"
"GO:0071564","5.8027224225111045"
"GO:0032476","7.412160334945205"
"GO:0032473","6.025865973825314"
"GO:0015629","4.23410650459726"
"GO:0015627","5.014265062146834"
"GO:0034362","6.71901315438526"
"GO:0005892","4.847210977483668"
"GO:0005890","5.4662501858898915"
"GO:0005891","4.639571612705423"
"GO:0005896","6.71901315438526"
"GO:0043509","4.773103005329946"
"GO:0005898","7.412160334945205"
"GO:0005899","6.025865973825314"
"GO:0035452","7.412160334945205"
"GO:0032982","5.332718793265369"
"GO:0032983","5.214935757608986"
"GO:0070382","3.9781731304600587"
"GO:0016007","7.412160334945205"
"GO:0016006","7.412160334945205"
"GO:0016222","6.313548046277095"
"GO:0030232","7.412160334945205"
"GO:0042022","6.313548046277095"
"GO:0034592","7.412160334945205"
"GO:0072372","4.01096295328305"
"GO:0046581","6.313548046277095"
"GO:0042025","3.9464244321454784"
"GO:0043218","7.412160334945205"
"GO:0043219","5.8027224225111045"
"GO:0030904","4.467721355778765"
"GO:0098807","6.71901315438526"
"GO:0030906","6.71901315438526"
"GO:0030907","6.71901315438526"
"GO:0071144","6.71901315438526"
"GO:0044569","7.412160334945205"
"GO:0071141","5.014265062146834"
"GO:0061202","7.412160334945205"
"GO:1990531","7.412160334945205"
"GO:1990530","7.412160334945205"
"GO:1990533","7.412160334945205"
"GO:1990243","7.412160334945205"
"GO:1990537","7.412160334945205"
"GO:0035068","5.214935757608986"
"GO:0034045","4.321117881586889"
"GO:0034044","7.412160334945205"
"GO:0035267","4.578946990888989"
"GO:0002144","7.412160334945205"
"GO:0098800","2.879560841791949"
"GO:0002141","7.412160334945205"
"GO:0002142","6.71901315438526"
"GO:0097060","3.7745741752188193"
"GO:0097356","7.412160334945205"
"GO:0031985","4.276666119016055"
"GO:0031984","3.4609166163637775"
"GO:0031983","5.4662501858898915"
"GO:0031982","2.9462522162906213"
"GO:0031981","6.313548046277095"
"GO:0005750","4.927253685157205"
"GO:0072546","4.3676378972217815"
"GO:0031988","3.0554515082556133"
"GO:0097268","6.71901315438526"
"GO:0005795","4.467721355778765"
"GO:0005794","3.0427124824781835"
"GO:0005797","5.332718793265369"
"GO:0005796","4.927253685157205"
"GO:0005791","4.321117881586889"
"GO:0005790","6.025865973825314"
"GO:0005793","4.276666119016055"
"GO:1990332","7.412160334945205"
"GO:0000314","4.321117881586889"
"GO:0000315","4.044864504958731"
"GO:0031965","4.044864504958731"
"GO:0000313","5.014265062146834"
"GO:0031967","3.58351893845611"
"GO:0031966","3.253277251585533"
"GO:0030694","6.71901315438526"
"GO:0098025","7.412160334945205"
"GO:0030690","6.025865973825314"
"GO:0030691","6.313548046277095"
"GO:0030692","4.5217885770490405"
"GO:1990622","7.412160334945205"
"GO:0071756","6.71901315438526"
"GO:0097453","7.412160334945205"
"GO:0020016","6.71901315438526"
"GO:0098024","7.412160334945205"
"GO:0005663","4.416428061391214"
"GO:0005662","4.639571612705423"
"GO:0005665","4.416428061391214"
"GO:0005664","4.467721355778765"
"GO:0005667","3.5620127332351466"
"GO:0005666","4.467721355778765"
"GO:0005669","4.467721355778765"
"GO:0043033","6.71901315438526"
"GO:0097456","7.412160334945205"
"GO:0043036","7.412160334945205"
"GO:0044545","7.412160334945205"
"GO:0043034","5.109575241951159"
"GO:0009379","5.62040086571715"
"GO:0060170","3.9464244321454784"
"GO:0060171","5.62040086571715"
"GO:0009376","5.8027224225111045"
"GO:0009375","6.71901315438526"
"GO:0031362","4.773103005329946"
"GO:0000220","5.62040086571715"
"GO:0000221","5.4662501858898915"
"GO:0000228","3.7232808808312687"
"GO:0000229","4.927253685157205"
"GO:0033106","6.313548046277095"
"GO:0005917","7.412160334945205"
"GO:0048471","2.858283443344664"
"GO:0048476","6.025865973825314"
"GO:0033101","6.313548046277095"
"GO:0009343","6.71901315438526"
"GO:0071752","6.71901315438526"
"GO:1902636","7.412160334945205"
"GO:0036128","5.4662501858898915"
"GO:0009424","5.214935757608986"
"GO:0098687","3.8857998103290434"
"GO:0000136","6.71901315438526"
"GO:0000137","5.109575241951159"
"GO:0071751","6.71901315438526"
"GO:0031561","7.412160334945205"
"GO:0000133","6.313548046277095"
"GO:0045160","6.313548046277095"
"GO:0000131","6.71901315438526"
"GO:0001401","5.8027224225111045"
"GO:0001400","6.71901315438526"
"GO:0031934","6.71901315438526"
"GO:0001405","5.8027224225111045"
"GO:0009340","5.8027224225111045"
"GO:0000138","5.109575241951159"
"GO:0045169","7.412160334945205"
"GO:0009341","7.412160334945205"
"GO:0036125","6.71901315438526"
"GO:0005914","5.214935757608986"
"GO:0098533","4.193284510077004"
"GO:0098536","5.109575241951159"
"GO:0070971","4.578946990888989"
"GO:1903561","4.773103005329946"
"GO:0070603","4.193284510077004"
"GO:0031411","7.412160334945205"
"GO:0031410","3.0554515082556133"
"GO:0045092","7.412160334945205"
"GO:0031415","4.773103005329946"
"GO:0031414","4.416428061391214"
"GO:0031417","4.5217885770490405"
"GO:0031416","4.7041101338429945"
"GO:0034064","7.412160334945205"
"GO:0071953","6.313548046277095"
"GO:0033104","7.412160334945205"
"GO:0071957","7.412160334945205"
"GO:0071958","7.412160334945205"
"GO:0001891","4.3676378972217815"
"GO:0036038","5.014265062146834"
"GO:0070772","6.71901315438526"
"GO:0036030","6.313548046277095"
"GO:0070776","5.214935757608986"
"GO:0070775","5.014265062146834"
"GO:0032040","4.116323468940876"
"GO:0032045","5.4662501858898915"
"GO:0032044","4.927253685157205"
"GO:0030288","3.828641396489095"
"GO:0005926","7.412160334945205"
"GO:0000439","5.8027224225111045"
"GO:0000438","7.412160334945205"
"GO:0032865","6.71901315438526"
"GO:0044776","7.412160334945205"
"GO:0030286","4.23410650459726"
"GO:0005924","4.416428061391214"
"GO:0098797","2.9348235204669986"
"GO:0071821","5.4662501858898915"
"GO:0044175","7.412160334945205"
"GO:0000943","7.412160334945205"
"GO:0000942","5.62040086571715"
"GO:0000941","6.71901315438526"
"GO:0000940","4.639571612705423"
"GO:0070552","4.7041101338429945"
"GO:0071556","5.8027224225111045"
"GO:0005576","1.3276609218700337"
"GO:0005920","7.412160334945205"
"GO:0005921","5.014265062146834"
"GO:0015630","3.8012424223009806"
"GO:0034456","4.639571612705423"
"GO:0034457","4.639571612705423"
"GO:0034455","4.578946990888989"
"GO:0042105","7.412160334945205"
"GO:0042101","6.313548046277095"
"GO:0005881","3.9781731304600587"
"GO:0005880","6.025865973825314"
"GO:0005883","5.62040086571715"
"GO:0005882","4.7041101338429945"
"GO:0005885","4.467721355778765"
"GO:0005884","4.321117881586889"
"GO:0005887","2.633036841833676"
"GO:0005886","1.6252629535784973"
"GO:0005889","7.412160334945205"
"GO:0043514","6.025865973825314"
"GO:0043511","4.773103005329946"
"GO:0043512","4.773103005329946"
"GO:0032994","4.927253685157205"
"GO:0016586","6.71901315438526"
"GO:0016587","6.71901315438526"
"GO:0016580","5.014265062146834"
"GO:0016581","5.214935757608986"
"GO:0032993","3.5620127332351466"
"GO:0032992","7.412160334945205"
"GO:0016589","6.025865973825314"
"GO:0016035","4.416428061391214"
"GO:0015030","4.467721355778765"
"GO:0036409","7.412160334945205"
"GO:0097679","6.025865973825314"
"GO:0022626","4.01096295328305"
"GO:0038201","4.927253685157205"
"GO:0022627","3.58351893845611"
"GO:1990427","7.412160334945205"
"GO:0043203","6.025865973825314"
"GO:0043202","6.313548046277095"
"GO:0043205","5.62040086571715"
"GO:0043204","4.7041101338429945"
"GO:0043209","5.014265062146834"
"GO:0030915","4.7041101338429945"
"GO:0030914","6.71901315438526"
"GO:0044798","4.116323468940876"
"GO:0016459","4.3676378972217815"
"GO:1990423","7.412160334945205"
"GO:0044796","4.7041101338429945"
"GO:0071601","7.412160334945205"
"GO:0034678","7.412160334945205"
"GO:0034679","6.71901315438526"
"GO:0002177","5.62040086571715"
"GO:0002178","4.578946990888989"
"GO:0034673","6.71901315438526"
"GO:0033768","6.313548046277095"
"GO:0034676","7.412160334945205"
"GO:0034677","7.412160334945205"
"GO:0072559","4.927253685157205"
"GO:0072558","5.4662501858898915"
"GO:0072557","5.109575241951159"
"GO:0072556","5.62040086571715"
"GO:0033176","4.467721355778765"
"GO:0044428","2.2822616200221315"
"GO:0044429","2.3184101341384427"
"GO:0043332","6.71901315438526"
"GO:0044424","0.5297228639473579"
"GO:0044425","1.1757907447415006"
"GO:0044426","5.4662501858898915"
"GO:0044427","2.6936614636501104"
"GO:0044420","3.828641396489095"
"GO:0044421","1.7285805676065233"
"GO:0044422","1.4746241298627787"
"GO:0044423","3.5409593240373143"
"GO:0009897","3.8568122734557915"
"GO:0030689","4.467721355778765"
"GO:0030688","6.313548046277095"
"GO:0000308","5.332718793265369"
"GO:0000331","6.313548046277095"
"GO:1990904","2.2881963555419462"
"GO:0000307","3.9156527734787248"
"GO:0000306","5.8027224225111045"
"GO:0030687","4.5217885770490405"
"GO:0030686","4.116323468940876"
"GO:0009898","3.8012424223009806"
"GO:0030684","3.9156527734787248"
"GO:0030175","4.3676378972217815"
"GO:0009517","7.412160334945205"
"GO:0030176","3.698588268240897"
"GO:0030173","4.193284510077004"
"GO:0044326","7.412160334945205"
"GO:1990907","5.214935757608986"
"GO:1990184","7.412160334945205"
"GO:0070937","5.332718793265369"
"GO:0009941","7.412160334945205"
"GO:0061495","7.412160334945205"
"GO:0044322","6.025865973825314"
"GO:0005654","3.0301337002713233"
"GO:0005655","5.4662501858898915"
"GO:0005656","4.639571612705423"
"GO:0005657","4.639571612705423"
"GO:0005652","5.332718793265369"
"GO:0020038","7.412160334945205"
"GO:0043020","5.214935757608986"
"GO:0043025","3.6054978451748854"
"GO:0097418","6.313548046277095"
"GO:0017071","6.71901315438526"
"GO:1990356","7.412160334945205"
"GO:0031316","7.412160334945205"
"GO:0031317","6.025865973825314"
"GO:0031314","4.847210977483668"
"GO:0031315","6.025865973825314"
"GO:0031312","4.416428061391214"
"GO:0031313","5.214935757608986"
"GO:0031310","5.8027224225111045"
"GO:0035301","6.71901315438526"
"GO:0035098","5.014265062146834"
"GO:0031084","6.313548046277095"
"GO:0031085","6.313548046277095"
"GO:0031082","4.773103005329946"
"GO:0031083","4.773103005329946"
"GO:0031080","4.927253685157205"
"GO:0072380","7.412160334945205"
"GO:0035097","4.23410650459726"
"GO:0002199","7.412160334945205"
"GO:0036027","6.313548046277095"
"GO:0002193","6.71901315438526"
"GO:0031164","7.412160334945205"
"GO:0061174","7.412160334945205"
"GO:0000164","4.773103005329946"
"GO:0048226","6.71901315438526"
"GO:0031228","3.8012424223009806"
"GO:0031229","4.927253685157205"
"GO:0042646","5.8027224225111045"
"GO:0042644","5.8027224225111045"
"GO:0042645","3.8857998103290434"
"GO:0031226","2.5293584123588344"
"GO:0031227","3.4609166163637775"
"GO:0031224","2.1038926375440004"
"GO:0031225","3.9156527734787248"
"GO:0000125","6.71901315438526"
"GO:0000124","3.9781731304600587"
"GO:0045177","3.8857998103290434"
"GO:0000126","5.62040086571715"
"GO:0045171","4.578946990888989"
"GO:0000120","5.8027224225111045"
"GO:0000123","3.7485986888155587"
"GO:0045172","7.412160334945205"
"GO:0045179","5.62040086571715"
"GO:0045178","5.4662501858898915"
"GO:0097381","6.313548046277095"
"GO:0008328","4.23410650459726"
"GO:0043684","7.412160334945205"
"GO:0005722","7.412160334945205"
"GO:0045211","3.8857998103290434"
"GO:0005723","7.412160334945205"
"GO:0002116","6.71901315438526"
"GO:0098549","7.412160334945205"
"GO:0009526","7.412160334945205"
"GO:0009527","7.412160334945205"
"GO:0009524","6.313548046277095"
"GO:0009522","6.71901315438526"
"GO:0031429","6.71901315438526"
"GO:0044310","7.412160334945205"
"GO:0009521","6.313548046277095"
"GO:0005727","6.71901315438526"
"GO:0036338","5.332718793265369"
"GO:0009528","6.71901315438526"
"GO:0016610","7.412160334945205"
"GO:0005641","5.014265062146834"
"GO:0005895","6.313548046277095"
"GO:0071944","4.193284510077004"
"GO:0016939","6.313548046277095"
"GO:0071942","6.025865973825314"
"GO:0016935","7.412160334945205"
"GO:0036029","6.313548046277095"
"GO:0036028","6.313548046277095"
"GO:0044228","7.412160334945205"
"GO:0043505","6.313548046277095"
"GO:0036021","7.412160334945205"
"GO:0036020","6.313548046277095"
"GO:0044220","5.4662501858898915"
"GO:0036025","6.313548046277095"
"GO:0036024","6.313548046277095"
"GO:0044224","5.014265062146834"
"GO:0036026","6.313548046277095"
"GO:0097014","7.412160334945205"
"GO:0032039","6.025865973825314"
"GO:0000446","7.412160334945205"
"GO:0000444","5.8027224225111045"
"GO:0000445","5.8027224225111045"
"GO:0000440","7.412160334945205"
"GO:0044161","5.4662501858898915"
"GO:0044163","7.412160334945205"
"GO:0044165","5.62040086571715"
"GO:0044164","4.847210977483668"
"GO:0000938","4.639571612705423"
"GO:0000939","6.313548046277095"
"GO:0000936","6.71901315438526"
"GO:0071541","6.71901315438526"
"GO:0000935","6.313548046277095"
"GO:0000932","3.441868421393083"
"GO:0071546","3.627970701026944"
"GO:0000930","4.773103005329946"
"GO:0000931","5.014265062146834"
"GO:0070013","3.0177111802727663"
"GO:0034448","4.7041101338429945"
"GO:0036449","6.025865973825314"
"GO:0032144","5.62040086571715"
"GO:0019910","7.412160334945205"
"GO:0043527","4.5217885770490405"
"GO:0016593","4.3676378972217815"
"GO:0016592","4.23410650459726"
"GO:0016591","4.847210977483668"
"GO:0016590","6.313548046277095"
"GO:0016029","7.412160334945205"
"GO:0016028","6.313548046277095"
"GO:0016023","3.1494804579038895"
"GO:0016021","2.1546649629174235"
"GO:0016020","1.3437347467010947"
"GO:0016027","7.412160334945205"
"GO:0052718","7.412160334945205"
"GO:0044094","7.412160334945205"
"GO:0044096","6.313548046277095"
"GO:0045254","4.079955824770001"
"GO:0009569","7.412160334945205"
"GO:0097648","5.62040086571715"
"GO:0070732","7.412160334945205"
"GO:0043234","1.1641174604367759"
"GO:0043235","3.5409593240373143"
"GO:0043230","4.321117881586889"
"GO:0043231","1.4332745700440832"
"GO:0043232","1.9232226087885185"
"GO:0043233","3.005441087680952"
"GO:0030964","3.698588268240897"
"GO:0034687","6.71901315438526"
"GO:0034686","6.71901315438526"
"GO:0034684","6.71901315438526"
"GO:0034683","6.71901315438526"
"GO:0034681","6.71901315438526"
"GO:0034680","6.71901315438526"
"GO:0031301","3.121700893796814"
"GO:0016442","4.467721355778765"
"GO:0031300","3.121700893796814"
"GO:0033643","2.6081392902119487"
"GO:0034066","5.62040086571715"
"GO:0060205","6.025865973825314"
"GO:0030991","4.773103005329946"
"GO:0070985","6.71901315438526"
"GO:0034669","6.71901315438526"
"GO:0035792","7.412160334945205"
"GO:0043680","7.412160334945205"
"GO:0034663","5.8027224225111045"
"GO:0034665","6.71901315438526"
"GO:0034667","6.313548046277095"
"GO:0034666","6.313548046277095"
"GO:0072562","3.7232808808312687"
"GO:0072563","7.412160334945205"
"GO:0044433","3.3012864707718936"
"GO:0044432","2.868865552675201"
"GO:0044431","3.0554515082556133"
"GO:0044430","2.837449356441822"
"GO:0044437","3.8012424223009806"
"GO:0044436","4.639571612705423"
"GO:0044435","4.3676378972217815"
"GO:0044434","4.5217885770490405"
"GO:0035649","6.71901315438526"
"GO:0044439","4.079955824770001"
"GO:0044438","4.079955824770001"
"GO:0097249","6.025865973825314"
"GO:1990429","7.412160334945205"
"GO:0031942","6.71901315438526"
"GO:0031941","4.7041101338429945"
"GO:0000333","4.773103005329946"
"GO:0030140","4.116323468940876"
"GO:0030141","3.58351893845611"
"GO:1990357","6.313548046277095"
"GO:1990604","6.71901315438526"
"GO:1990351","3.1494804579038895"
"GO:0005586","6.71901315438526"
"GO:0031160","4.927253685157205"
"GO:0030666","5.214935757608986"
"GO:0061177","7.412160334945205"
"GO:0061176","7.412160334945205"
"GO:0031166","6.025865973825314"
"GO:0030660","4.773103005329946"
"GO:0030663","7.412160334945205"
"GO:0005643","3.8568122734557915"
"GO:0005642","6.313548046277095"
"GO:0097422","5.8027224225111045"
"GO:0005640","5.014265062146834"
"GO:0097425","5.8027224225111045"
"GO:0097427","6.025865973825314"
"GO:0017086","6.71901315438526"
"GO:0017087","6.313548046277095"
"GO:0009319","7.412160334945205"
"GO:0009318","5.62040086571715"
"GO:0005588","6.313548046277095"
"GO:0009317","5.214935757608986"
"GO:0009316","5.62040086571715"
"GO:0031305","4.847210977483668"
"GO:0031304","4.321117881586889"
"GO:0031307","4.321117881586889"
"GO:0031306","4.276666119016055"
"GO:1990777","5.014265062146834"
"GO:0035339","5.109575241951159"
"GO:0031303","6.025865973825314"
"GO:0031302","4.578946990888989"
"GO:0031309","6.025865973825314"
"GO:0031308","6.025865973825314"
"GO:0031095","6.025865973825314"
"GO:0031094","5.332718793265369"
"GO:0031097","7.412160334945205"
"GO:0031091","5.8027224225111045"
"GO:0031090","2.5068855565067754"
"GO:0031093","7.412160334945205"
"GO:0031092","6.313548046277095"
"GO:0048787","6.313548046277095"
"GO:0048786","5.4662501858898915"
"GO:0002189","6.71901315438526"
"GO:0098827","4.927253685157205"
"GO:0089701","7.412160334945205"
"GO:0000118","4.321117881586889"
"GO:0048237","7.412160334945205"
"GO:0031231","4.276666119016055"
"GO:0031230","5.62040086571715"
"GO:0000112","6.313548046277095"
"GO:0031232","6.313548046277095"
"GO:0031235","4.639571612705423"
"GO:0031234","3.4609166163637775"
"GO:0031237","6.71901315438526"
"GO:0042652","7.412160334945205"
"GO:0099572","3.9781731304600587"
"GO:1902503","6.313548046277095"
"GO:0008043","4.927253685157205"
"GO:1902500","7.412160334945205"
"GO:0045203","5.62040086571715"
"GO:0045202","3.5620127332351466"
"GO:0098552","3.386808644210056"
"GO:0001527","6.313548046277095"
"GO:0098559","6.71901315438526"
"GO:0001520","6.313548046277095"
"GO:0009535","5.109575241951159"
"GO:0009534","6.71901315438526"
"GO:0031431","6.71901315438526"
"GO:0031430","5.332718793265369"
"GO:0044301","6.313548046277095"
"GO:0031436","4.773103005329946"
"GO:0009533","6.71901315438526"
"GO:0009532","4.847210977483668"
"GO:0044309","4.01096295328305"
"GO:0044308","7.412160334945205"
"GO:0042788","5.109575241951159"
"GO:0035996","7.412160334945205"
"GO:0035997","7.412160334945205"
"GO:0090443","7.412160334945205"
"GO:0016507","6.71901315438526"
"GO:0036019","7.412160334945205"
"GO:0044231","5.62040086571715"
"GO:0044233","6.71901315438526"
"GO:0044232","4.578946990888989"
"GO:0035060","7.412160334945205"
"GO:0032021","6.313548046277095"
"GO:1990246","5.214935757608986"
"GO:0035062","7.412160334945205"
"GO:0000110","4.5217885770490405"
"GO:0000111","7.412160334945205"
"GO:0090533","5.109575241951159"
"GO:0090537","6.71901315438526"
"GO:0031233","4.639571612705423"
"GO:0090534","6.71901315438526"
"GO:0044156","7.412160334945205"
"GO:0000113","6.71901315438526"
"GO:0000928","6.71901315438526"
"GO:0042651","4.847210977483668"
"GO:0010445","7.412160334945205"
"GO:0043656","7.412160334945205"
"GO:0043657","6.025865973825314"
"GO:0000923","7.412160334945205"
"GO:0000922","4.01096295328305"
"GO:0032444","6.313548046277095"
"GO:0017109","4.847210977483668"
"GO:0032449","5.8027224225111045"
"GO:0032158","6.71901315438526"
"GO:0032153","6.313548046277095"
"GO:0032155","4.23410650459726"
"GO:0032154","4.578946990888989"
"GO:0032156","5.8027224225111045"
"GO:0019907","6.71901315438526"
"GO:0019908","5.014265062146834"
"GO:0033553","5.014265062146834"
"GO:0033551","6.71901315438526"
"GO:0033557","5.8027224225111045"
"GO:0060987","6.313548046277095"
"GO:0016272","4.847210977483668"
"GO:0034274","4.7041101338429945"
"GO:0071261","7.412160334945205"
"GO:0034272","4.578946990888989"
"GO:0034273","4.639571612705423"
"GO:0034271","4.578946990888989"
"GO:0043229","1.2509530132501285"
"GO:0043228","1.8987315887802227"
"GO:0097651","5.4662501858898915"
"GO:0043220","5.62040086571715"
"GO:0043227","1.4181989076386359"
"GO:0043226","1.2218449290920579"
"GO:0097658","7.412160334945205"
"GO:0071666","7.412160334945205"
"GO:0071664","5.214935757608986"
"GO:0071665","6.71901315438526"
"GO:0020030","7.412160334945205"
"GO:0016471","4.467721355778765"
"GO:0035253","4.847210977483668"
"GO:0034098","5.62040086571715"
"GO:0034099","7.412160334945205"
"GO:0034657","6.71901315438526"
"GO:0097255","6.71901315438526"
"GO:0033178","4.079955824770001"
"GO:0033179","5.62040086571715"
"GO:0044444","1.1895840668738362"
"GO:0044445","2.8069901489571136"
"GO:0044440","3.500137329517059"
"GO:0044441","3.386808644210056"
"GO:0046798","7.412160334945205"
"GO:0071062","7.412160334945205"
"GO:0071065","6.71901315438526"
"GO:0044448","3.9464244321454784"
"GO:0033177","3.9156527734787248"
"GO:0000327","7.412160334945205"
"GO:0000326","6.313548046277095"
"GO:0000325","5.62040086571715"
"GO:0000324","5.332718793265369"
"GO:0000323","3.0683549130915213"
"GO:0031933","4.927253685157205"
"GO:0031931","5.332718793265369"
"GO:0000329","5.332718793265369"
"GO:0000328","6.025865973825314"
"GO:0005596","7.412160334945205"
"GO:0042272","6.025865973825314"
"GO:0005638","6.025865973825314"
"GO:0005639","4.927253685157205"
"GO:0005637","4.847210977483668"
"GO:0005634","1.817448955343366"
"GO:0005635","3.6509602192516426"
"GO:0097433","6.313548046277095"
"GO:0005633","7.412160334945205"
"GO:0097431","5.214935757608986"
"GO:0005631","6.71901315438526"
"GO:0017090","7.412160334945205"
"GO:0043005","3.4609166163637775"
"GO:1990567","7.412160334945205"
"GO:0009320","6.71901315438526"
"GO:0009321","7.412160334945205"
"GO:0009322","6.313548046277095"
"GO:0009324","7.412160334945205"
"GO:0009325","5.8027224225111045"
"GO:0009326","5.214935757608986"
"GO:0009328","5.109575241951159"
"GO:0009329","7.412160334945205"
"GO:0009986","2.837449356441822"
"GO:0000214","3.9781731304600587"
"GO:0035323","7.412160334945205"
"GO:0061618","6.71901315438526"
"GO:0035327","4.639571612705423"
"GO:0035324","7.412160334945205"
"GO:0035328","7.412160334945205"
"GO:0061617","7.412160334945205"
"GO:0098554","6.71901315438526"
"GO:0005742","5.109575241951159"
"GO:0005743","3.441868421393083"
"GO:0005740","4.5217885770490405"
"GO:0005741","3.8012424223009806"
"GO:0005746","4.773103005329946"
"GO:0005747","4.079955824770001"
"GO:0005744","4.7041101338429945"
"GO:0005745","6.71901315438526"
"GO:0005749","4.23410650459726"
"GO:0031969","6.313548046277095"
"GO:0089713","7.412160334945205"
"GO:0089717","5.4662501858898915"
"GO:0031968","3.8012424223009806"
"GO:1902377","7.412160334945205"
"GO:0031209","5.62040086571715"
"GO:0000109","4.416428061391214"
"GO:0009433","6.313548046277095"
"GO:0031205","6.025865973825314"
"GO:0031207","6.71901315438526"
"GO:0031201","4.154063796923723"
"GO:0009537","7.412160334945205"
"GO:0070823","7.412160334945205"
"GO:0070822","4.639571612705423"
"GO:0070821","6.71901315438526"
"GO:0070820","5.8027224225111045"
"GO:0070826","6.71901315438526"
"GO:0070824","7.412160334945205"
"GO:0010330","7.412160334945205"
"GO:1990385","7.412160334945205"
"GO:0000312","6.71901315438526"
"GO:0098562","3.698588268240897"
"GO:0099568","3.8857998103290434"
"GO:0044307","7.412160334945205"
"GO:0005798","4.01096295328305"
"GO:0009508","7.412160334945205"
"GO:0009509","7.412160334945205"
"GO:0009536","3.4803347022208793"
"GO:0009531","7.412160334945205"
"GO:0044840","7.412160334945205"
"GO:0009503","6.71901315438526"
"GO:0009504","7.412160334945205"
"GO:0009505","6.71901315438526"
"GO:0001533","5.109575241951159"
"GO:0009507","4.3676378972217815"
"GO:0044302","7.412160334945205"
"GO:0033650","6.71901315438526"
"GO:0051286","5.109575241951159"
"GO:0051285","6.025865973825314"
"GO:0008275","6.025865973825314"
"GO:0008274","5.014265062146834"
"GO:0016914","7.412160334945205"
"GO:0008278","4.773103005329946"
"GO:0070864","7.412160334945205"
"GO:0070725","7.412160334945205"
"GO:0080008","4.321117881586889"
"GO:0043655","4.7041101338429945"
"GO:0032838","4.578946990888989"
"GO:0032839","4.639571612705423"
"GO:0032783","6.71901315438526"
"GO:0090544","4.639571612705423"
"GO:0090545","5.214935757608986"
"GO:0090543","6.71901315438526"
"GO:0044841","7.412160334945205"
"GO:0018995","7.412160334945205"
"GO:0005879","4.639571612705423"
"GO:0071521","7.412160334945205"
"GO:0032300","3.7232808808312687"
"GO:0032301","4.3676378972217815"
"GO:0070032","5.109575241951159"
"GO:0070033","6.71901315438526"
"GO:0032168","6.71901315438526"
"GO:0032160","7.412160334945205"
"GO:0032161","6.71901315438526"
"GO:0005703","7.412160334945205"
"GO:0097361","5.109575241951159"
"GO:0019812","6.025865973825314"
"GO:0033017","5.332718793265369"
"GO:0032019","6.71901315438526"
"GO:0090498","6.313548046277095"
"GO:0071986","4.467721355778765"
"GO:0033011","6.313548046277095"
"GO:0033010","5.62040086571715"
"GO:0032010","5.8027224225111045"
"GO:0071458","5.214935757608986"
"GO:0070451","7.412160334945205"
"GO:0032541","5.62040086571715"
"GO:0030896","4.639571612705423"
"GO:0030897","4.578946990888989"
"GO:0030894","7.412160334945205"
"GO:0030895","6.025865973825314"
"GO:0030892","5.62040086571715"
"GO:0030893","5.332718793265369"
"GO:0030891","6.025865973825314"
"GO:0048500","4.116323468940876"
"GO:0043259","6.313548046277095"
"GO:0043256","6.025865973825314"
"GO:0043257","6.313548046277095"
"GO:0043494","7.412160334945205"
"GO:0033309","7.412160334945205"
"GO:0016460","4.5217885770490405"
"GO:0016469","3.0554515082556133"
"GO:0034464","5.109575241951159"
"GO:0034081","5.4662501858898915"
"GO:0061576","7.412160334945205"
"GO:0034083","6.71901315438526"
"GO:0061574","5.62040086571715"
"GO:0015934","3.8012424223009806"
"GO:0015935","3.2377730650495677"
"GO:0030257","6.71901315438526"
"GO:0001940","6.025865973825314"
"GO:0097228","5.4662501858898915"
"GO:0033276","6.71901315438526"
"GO:0097226","7.412160334945205"
"GO:0097227","6.313548046277095"
"GO:0097224","7.412160334945205"
"GO:0097225","5.4662501858898915"
"GO:0097223","4.23410650459726"
"GO:0097221","7.412160334945205"
"GO:0044455","2.847812143477369"
"GO:0044454","3.1354942159291497"
"GO:0044457","7.412160334945205"
"GO:0044456","3.386808644210056"
"GO:0044451","3.0683549130915213"
"GO:0044450","3.698588268240897"
"GO:0044453","4.927253685157205"
"GO:0044452","3.4803347022208793"
"GO:0033167","6.71901315438526"
"GO:0033165","7.412160334945205"
"GO:0044459","2.05086816923578"
"GO:0033162","5.62040086571715"
"GO:0031143","4.467721355778765"
"GO:0017133","7.412160334945205"
"GO:0036156","7.412160334945205"
"GO:0035686","5.62040086571715"
"GO:0005628","6.313548046277095"
"GO:0005621","6.71901315438526"
"GO:0031361","6.313548046277095"
"GO:0005623","3.317815772723104"
"GO:0005622","3.121700893796814"
"GO:0043076","7.412160334945205"
"GO:0031360","6.313548046277095"
"GO:0097136","4.773103005329946"
"GO:0043073","4.416428061391214"
"GO:0030096","7.412160334945205"
"GO:1990574","7.412160334945205"
"GO:0030094","7.412160334945205"
"GO:0030093","7.412160334945205"
"GO:0043078","7.412160334945205"
"GO:0009277","4.5217885770490405"
"GO:0009337","5.8027224225111045"
"GO:0009336","6.71901315438526"
"GO:0009333","7.412160334945205"
"GO:0009332","5.8027224225111045"
"GO:0045098","6.025865973825314"
"GO:0009330","3.7232808808312687"
"GO:0045095","5.4662501858898915"
"GO:0000262","5.109575241951159"
"GO:0009339","7.412160334945205"
"GO:0009338","6.313548046277095"
"GO:0035354","6.71901315438526"
"GO:0035355","7.412160334945205"
"GO:0030526","7.412160334945205"
"GO:1990752","5.214935757608986"
"GO:0072379","4.276666119016055"
"GO:0098805","3.207467715554239"
"GO:0098803","1.7218008806211447"
"GO:0098802","4.01096295328305"
"GO:0030529","2.2881963555419462"
"GO:0005751","4.467721355778765"
"GO:0030315","4.193284510077004"
"GO:0005753","3.1780538303479458"
"GO:0098029","6.71901315438526"
"GO:0005754","5.8027224225111045"
"GO:0005757","4.773103005329946"
"GO:0033100","6.71901315438526"
"GO:0005759","3.2225055929187794"
"GO:0005758","3.8857998103290434"
"GO:0098021","7.412160334945205"
"GO:0098022","7.412160334945205"
"GO:1903768","7.412160334945205"
"GO:0009429","6.025865973825314"
"GO:0009428","5.62040086571715"
"GO:0009421","7.412160334945205"
"GO:0009420","5.4662501858898915"
"GO:0009427","6.025865973825314"
"GO:0009426","6.313548046277095"
"GO:0009425","5.332718793265369"
"GO:1903767","7.412160334945205"
"GO:0031213","6.313548046277095"
"GO:1990008","7.412160334945205"
"GO:0031211","4.639571612705423"
"GO:0016323","3.7485986888155587"
"GO:1990005","6.025865973825314"
"GO:0005584","6.71901315438526"
"GO:0042470","4.773103005329946"
"GO:0070852","6.313548046277095"
"GO:0070850","7.412160334945205"
"GO:1990391","3.500137329517059"
"GO:1990393","6.025865973825314"
"GO:0005575","-0.0"
"GO:0098796","1.5067984868906348"
"GO:0005577","6.71901315438526"
"GO:0098794","4.01096295328305"
"GO:0098793","5.332718793265369"
"GO:0098791","3.4803347022208793"
"GO:0005579","6.71901315438526"
"GO:0005578","4.578946990888989"
"GO:0098799","5.014265062146834"
"GO:0098798","2.847812143477369"
"GO:0022623","6.313548046277095"
"GO:0099512","3.5620127332351466"
"GO:0099513","3.5620127332351466"
"GO:0022624","4.847210977483668"
"GO:0022625","4.321117881586889"
"GO:0098573","4.116323468940876"
"GO:0070939","6.71901315438526"
"GO:0070938","4.7041101338429945"
"GO:1902562","4.578946990888989"
"GO:0044327","5.8027224225111045"
"GO:0009516","7.412160334945205"
"GO:0044853","3.4609166163637775"
"GO:0009514","6.313548046277095"
"GO:0009513","7.412160334945205"
"GO:0009512","5.8027224225111045"
"GO:0032437","7.412160334945205"
"GO:0048501","5.4662501858898915"
"GO:0044217","2.4493157046852976"
"GO:0044216","5.8027224225111045"
"GO:0032221","6.313548046277095"
"GO:0044214","5.4662501858898915"
"GO:0044219","7.412160334945205"
"GO:0044218","3.0301337002713233"
"GO:0043529","6.71901315438526"
"GO:0032798","5.109575241951159"
"GO:0032797","4.927253685157205"
"GO:0071513","7.412160334945205"
"GO:0043679","4.927253685157205"
"GO:0043674","7.412160334945205"
"GO:0070022","6.71901315438526"
"GO:0032311","4.416428061391214"
"GO:0019038","5.014265062146834"
"GO:0019037","6.71901315438526"
"GO:0019031","6.71901315438526"
"GO:0019030","4.927253685157205"
"GO:0019033","7.412160334945205"
"GO:0032173","7.412160334945205"
"GO:0032177","6.71901315438526"
"GO:0032176","6.71901315438526"
"GO:0032174","7.412160334945205"
"GO:0070209","7.412160334945205"
"GO:0032178","7.412160334945205"
"GO:0070449","6.025865973825314"
"GO:0032009","4.927253685157205"
"GO:0000924","7.412160334945205"
"GO:0070442","7.412160334945205"
"GO:0032002","6.71901315438526"
"GO:0070110","6.71901315438526"
"GO:0033202","4.7041101338429945"
"GO:0033203","6.71901315438526"
"GO:0017054","7.412160334945205"
"GO:0030880","3.6509602192516426"
"GO:0071439","5.8027224225111045"
"GO:0043245","5.8027224225111045"
"GO:0019815","6.313548046277095"
"GO:0019814","6.025865973825314"
"GO:0043240","5.332718793265369"
"GO:0030956","4.7041101338429945"
"GO:0030958","7.412160334945205"
"GO:0097197","6.71901315438526"
"GO:0016328","4.116323468940876"
"GO:0016324","3.386808644210056"
"GO:0030314","6.025865973825314"
"GO:0016327","4.847210977483668"
"GO:0030313","7.412160334945205"
"GO:0030312","3.253277251585533"
"GO:0097013","7.412160334945205"
"GO:0031560","7.412160334945205"
"GO:0035693","6.71901315438526"
"GO:0072517","6.313548046277095"
"GO:0042734","4.116323468940876"
"GO:0035692","6.313548046277095"
"GO:0044461","4.773103005329946"
"GO:0044462","3.627970701026944"
"GO:0044463","2.827192856274633"
"GO:0044464","0.3577106768122644"
"GO:0097233","6.71901315438526"
"GO:0097232","6.71901315438526"
"GO:0033193","7.412160334945205"
"GO:0016528","4.847210977483668"
"GO:0016529","4.467721355778765"
"GO:0044666","7.412160334945205"
"GO:0044665","4.7041101338429945"
"GO:0060342","4.321117881586889"
"GO:0017122","7.412160334945205"
"GO:0002080","4.5217885770490405"
"GO:0002081","5.014265062146834"
"GO:1990143","7.412160334945205"
"GO:0000139","3.828641396489095"
"GO:1990498","7.412160334945205"
"GO:0005962","6.313548046277095"
"GO:0005960","5.8027224225111045"
"GO:0005614","6.313548046277095"
"GO:0005615","1.8249116765449556"
"GO:0005616","7.412160334945205"
"GO:0005965","4.927253685157205"
"GO:0005618","3.3691090671106547"
"GO:0005619","5.62040086571715"
"GO:0005968","4.927253685157205"
"GO:0005969","7.412160334945205"
"GO:0030089","7.412160334945205"
"GO:0005785","6.025865973825314"
"GO:0005610","6.71901315438526"
"GO:0000275","4.639571612705423"
"GO:0000274","6.71901315438526"
"GO:0000276","4.467721355778765"
"GO:0061638","7.412160334945205"
"GO:0031045","5.8027224225111045"
"GO:0042622","4.321117881586889"
"GO:0005964","6.313548046277095"
"GO:0030532","4.044864504958731"
"GO:0005764","3.163665092895846"
"GO:0005765","4.23410650459726"
"GO:0005766","5.4662501858898915"
"GO:0097346","4.467721355778765"
"GO:0005760","6.71901315438526"
"GO:0005761","5.014265062146834"
"GO:0005762","4.193284510077004"
"GO:0005763","4.321117881586889"
"GO:0031910","7.412160334945205"
"GO:0031912","7.412160334945205"
"GO:0005768","2.7970398181039458"
"GO:0005769","3.207467715554239"
"GO:0097513","6.025865973825314"
"GO:0048770","4.773103005329946"
"GO:0031594","3.7745741752188193"
"GO:0031595","6.71901315438526"
"GO:0031264","6.313548046277095"
"GO:0031597","5.4662501858898915"
"GO:0031262","3.9781731304600587"
"GO:0031592","6.313548046277095"
"GO:0031261","4.639571612705423"
"GO:1990037","6.71901315438526"
"GO:0009295","3.1926526297690985"
"GO:1990032","6.313548046277095"
"GO:1990520","7.412160334945205"
"GO:0070847","6.313548046277095"
"GO:0010319","6.313548046277095"
"GO:0070724","7.412160334945205"
"GO:0048353","7.412160334945205"
"GO:0099501","5.109575241951159"
"GO:0099503","3.4231762883809305"
"GO:0098588","2.6936614636501104"
"GO:0098589","2.6081392902119487"
"GO:1902554","4.276666119016055"
"GO:0008076","4.467721355778765"
"GO:0008074","6.313548046277095"
"GO:0031469","7.412160334945205"
"GO:0031461","3.9781731304600587"
"GO:0031462","5.4662501858898915"
"GO:0042995","2.7970398181039458"
"GO:0031464","5.014265062146834"
"GO:0031465","4.927253685157205"
"GO:0031466","6.025865973825314"
"GO:0001518","5.8027224225111045"
"GO:0000015","6.71901315438526"
"GO:0031680","7.412160334945205"
"GO:0055052","6.313548046277095"
"GO:0008250","3.828641396489095"
"GO:0045323","5.332718793265369"
"GO:0036064","3.9464244321454784"
"GO:0036063","7.412160334945205"
"GO:0036062","6.71901315438526"
"GO:0018444","6.71901315438526"
"GO:0035842","7.412160334945205"
"GO:0014802","6.025865973825314"
"GO:0014801","6.71901315438526"
"GO:0014804","7.412160334945205"
"GO:0075341","7.412160334945205"
"GO:0070604","7.412160334945205"
"GO:0090568","5.014265062146834"
"GO:0046930","4.116323468940876"
"GO:0010494","4.23410650459726"
"GO:0070056","7.412160334945205"
"GO:0070057","7.412160334945205"
"GO:0043668","6.71901315438526"
"GO:0009706","6.71901315438526"
"GO:0009707","7.412160334945205"
"GO:0036117","4.578946990888989"
"GO:0009705","6.313548046277095"
"GO:0019005","4.193284510077004"
"GO:0019008","6.313548046277095"
"GO:0070692","6.71901315438526"
"GO:0070693","7.412160334945205"
"GO:0070695","5.014265062146834"
"GO:0070274","6.71901315438526"
"GO:0019773","4.7041101338429945"
"GO:0019774","5.109575241951159"
"GO:0044697","7.412160334945205"
"GO:0044695","7.412160334945205"
"GO:0055120","7.412160334945205"
"GO:0000808","4.416428061391214"
"GO:0000806","6.71901315438526"
"GO:0000805","5.8027224225111045"
"GO:0000802","6.71901315438526"
"GO:0000803","5.62040086571715"
"GO:0000800","5.8027224225111045"
"GO:0000801","6.313548046277095"
"GO:0035976","6.71901315438526"
"GO:0035974","7.412160334945205"
"GO:0032195","7.412160334945205"
"GO:0005756","6.313548046277095"
"GO:0034245","6.71901315438526"
"GO:0071256","5.62040086571715"
"GO:0071254","7.412160334945205"
"GO:0032588","4.773103005329946"
"GO:0032589","5.014265062146834"
"GO:0032580","5.62040086571715"
"GO:0032586","7.412160334945205"
"GO:0032587","4.773103005329946"
"GO:0032584","5.214935757608986"
"GO:0032585","6.313548046277095"
"GO:0033698","6.71901315438526"
"GO:0035805","6.313548046277095"
"GO:0030981","5.014265062146834"
"GO:0097598","7.412160334945205"
"GO:0005818","6.025865973825314"
"GO:0005819","3.7232808808312687"
"GO:0097204","7.412160334945205"
"GO:0032545","4.639571612705423"
"GO:0097344","6.71901315438526"
"GO:0097208","4.578946990888989"
"GO:0005813","3.4231762883809305"
"GO:0005811","3.627970701026944"
"GO:0005816","5.62040086571715"
"GO:0097347","7.412160334945205"
"GO:0005814","3.9464244321454784"
"GO:0005815","3.3012864707718936"
"GO:0033181","6.71901315438526"
"GO:0033180","5.332718793265369"
"GO:0005767","5.332718793265369"
"GO:0033185","4.773103005329946"
"GO:0033186","4.416428061391214"
"GO:0016533","6.71901315438526"
"GO:0043224","6.313548046277095"
"GO:0017119","4.467721355778765"
"GO:0097342","3.9156527734787248"
"GO:0005854","5.014265062146834"
"GO:0002095","7.412160334945205"
"GO:0030430","4.467721355778765"
"GO:0034751","5.109575241951159"
"GO:0034750","6.71901315438526"
"GO:0034753","5.109575241951159"
"GO:0034752","6.71901315438526"
"GO:0005971","4.773103005329946"
"GO:0005606","6.025865973825314"
"GO:0005605","4.116323468940876"
"GO:0005604","4.927253685157205"
"GO:0005602","6.71901315438526"
"GO:0005600","7.412160334945205"
"GO:0005608","6.313548046277095"
"GO:0046695","7.412160334945205"
"GO:0043293","5.332718793265369"
"GO:0046696","4.847210977483668"
"GO:0043296","5.214935757608986"
"GO:0000242","4.773103005329946"
"GO:0000243","6.313548046277095"
"GO:0035370","5.332718793265369"
"GO:0035371","5.332718793265369"
"GO:0035578","7.412160334945205"
"GO:0035579","6.71901315438526"
"GO:0072357","4.773103005329946"
"GO:0030057","4.467721355778765"
"GO:0030054","3.5409593240373143"
"GO:0030055","4.3676378972217815"
"GO:0030874","5.4662501858898915"
"GO:0005779","4.276666119016055"
"GO:0005778","4.23410650459726"
"GO:0030875","7.412160334945205"
"GO:0005773","2.957813038691697"
"GO:0005771","4.3676378972217815"
"GO:0005770","3.500137329517059"
"GO:0005777","3.627970701026944"
"GO:0005776","4.3676378972217815"
"GO:0005775","5.014265062146834"
"GO:0005774","3.9464244321454784"
"GO:0009841","6.71901315438526"
"GO:0009840","7.412160334945205"
"GO:0031907","4.639571612705423"
"GO:0031905","6.313548046277095"
"GO:0031904","5.8027224225111045"
"GO:0031903","4.23410650459726"
"GO:0031902","4.23410650459726"
"GO:0031901","4.7041101338429945"
"GO:0097575","7.412160334945205"
"GO:0031588","5.214935757608986"
"GO:1990023","5.332718793265369"
"GO:0045180","5.8027224225111045"
"GO:0036477","6.313548046277095"
"GO:0009289","4.578946990888989"
"GO:0009288","5.014265062146834"
"GO:0070876","5.014265062146834"
"GO:0070877","6.313548046277095"
"GO:0010368","7.412160334945205"
"GO:0010369","6.025865973825314"
"GO:0002079","6.313548046277095"
"GO:0031265","6.313548046277095"
"GO:0098590","2.720812452716061"
"GO:0098595","6.025865973825314"
"GO:0098594","6.71901315438526"
"GO:0036488","6.313548046277095"
"GO:0070554","7.412160334945205"
"GO:0031617","6.71901315438526"
"GO:0070913","7.412160334945205"
"GO:0070912","7.412160334945205"
"GO:0042764","6.71901315438526"
"GO:0031477","6.71901315438526"
"GO:0031476","6.71901315438526"
"GO:0031475","7.412160334945205"
"GO:0031471","7.412160334945205"
"GO:0005668","6.71901315438526"
"GO:0031673","4.927253685157205"
"GO:0031672","5.62040086571715"
"GO:0031674","4.7041101338429945"
"GO:1990031","6.025865973825314"
"GO:0055028","6.313548046277095"
"GO:0055029","3.7745741752188193"
"GO:0035657","6.71901315438526"
"GO:0045335","4.276666119016055"
"GO:0045334","5.8027224225111045"
"GO:0001674","4.7041101338429945"
"GO:0036053","4.773103005329946"
"GO:0001673","4.773103005329946"
"GO:0036056","4.7041101338429945"
"GO:0036057","4.773103005329946"
"GO:0044279","3.0301337002713233"
"GO:0048788","6.71901315438526"
"GO:0005938","4.276666119016055"
"GO:0032807","4.7041101338429945"
"GO:0032806","4.3676378972217815"
"GO:0032777","5.8027224225111045"
"GO:0032809","5.4662501858898915"
"GO:0090576","5.4662501858898915"
"GO:0090575","4.116323468940876"
"GO:0090571","6.71901315438526"
"GO:0043614","6.313548046277095"
"GO:0008622","4.639571612705423"
"GO:0008623","5.8027224225111045"
"GO:0070044","6.313548046277095"
"GO:0036126","4.467721355778765"
"GO:0034718","7.412160334945205"
"GO:0019015","5.014265062146834"
"GO:0019013","6.025865973825314"
"GO:0019012","3.3691090671106547"
"GO:0070688","6.71901315438526"
"GO:0070685","5.8027224225111045"
"GO:0034967","6.025865973825314"
"GO:0032117","7.412160334945205"
"GO:0032116","4.044864504958731"
"GO:0070263","6.71901315438526"
"GO:0071797","5.62040086571715"
"GO:0000818","7.412160334945205"
"GO:0000815","4.639571612705423"
"GO:0000814","4.639571612705423"
"GO:0000817","7.412160334945205"
"GO:0000811","5.62040086571715"
"GO:0000813","4.639571612705423"
"GO:0000812","4.578946990888989"
"GO:0070461","3.9781731304600587"
"GO:0070469","4.7041101338429945"
"GO:0032578","7.412160334945205"
"GO:0070319","6.71901315438526"
"GO:0034506","6.313548046277095"
"GO:0044299","7.412160334945205"
"GO:0043265","6.025865973825314"
"GO:0043264","6.71901315438526"
"GO:0043263","6.71901315438526"
"GO:0043260","7.412160334945205"
"GO:0032591","5.62040086571715"
"GO:0032590","5.109575241951159"
"GO:0032593","4.847210977483668"
"GO:0032592","4.23410650459726"
"GO:0044446","1.5177575006803543"
"GO:0072687","5.109575241951159"
"GO:0072686","3.9156527734787248"
"GO:0044447","4.5217885770490405"
"GO:0030993","7.412160334945205"
"GO:0030992","4.5217885770490405"
"GO:0033648","3.6054978451748854"
"GO:0030990","6.71901315438526"
"GO:0016342","4.773103005329946"
"GO:0035749","6.313548046277095"
"GO:0035748","6.71901315438526"
"GO:0030998","7.412160334945205"
"GO:0033646","3.386808644210056"
"GO:0033647","3.58351893845611"
"GO:0033644","3.1494804579038895"
"GO:1902555","3.8857998103290434"
"GO:0097587","7.412160334945205"
"GO:0097586","7.412160334945205"
"GO:0097585","7.412160334945205"
"GO:0097584","7.412160334945205"
"GO:0097583","7.412160334945205"
"GO:0097582","7.412160334945205"
"GO:0072536","6.313548046277095"
"GO:0072534","6.71901315438526"
"GO:0044177","6.313548046277095"
"GO:0005801","4.639571612705423"
"GO:0005802","3.6054978451748854"
"GO:0097218","7.412160334945205"
"GO:0043595","7.412160334945205"
"GO:0070557","4.847210977483668"
"GO:0043596","5.332718793265369"
"GO:0043590","5.014265062146834"
"GO:0043593","7.412160334945205"
"GO:0044449","3.58351893845611"
"GO:0043599","7.412160334945205"
"GO:0017102","6.313548046277095"
"GO:0017101","5.109575241951159"
"GO:0030428","4.5217885770490405"
"GO:0035102","4.847210977483668"
"GO:0035101","5.8027224225111045"
"GO:0030427","3.6744907166618366"
"GO:0030426","4.01096295328305"
"GO:0030425","3.7745741752188193"
"GO:0030424","3.6744907166618366"
"GO:0098745","7.412160334945205"
"GO:0031932","4.927253685157205"
"GO:0000322","4.927253685157205"
"GO:0005944","6.025865973825314"
"GO:0005945","5.214935757608986"
"GO:0005946","6.313548046277095"
"GO:0005947","5.332718793265369"
"GO:0005940","5.8027224225111045"
"GO:0005942","4.3676378972217815"
"GO:0005943","5.62040086571715"
"GO:0005948","5.332718793265369"
"GO:0048179","5.8027224225111045"
"GO:0020008","6.71901315438526"
"GO:0035363","6.025865973825314"
"GO:0031501","4.7041101338429945"
"GO:0035361","7.412160334945205"
"GO:0020009","7.412160334945205"
"GO:0031500","7.412160334945205"
"GO:1990589","6.71901315438526"
"GO:1990234","2.787187521660934"
"GO:0072324","7.412160334945205"
"GO:1990204","3.1080952417410352"
"GO:0060091","6.71901315438526"
"GO:0030017","5.014265062146834"
"GO:0005704","7.412160334945205"
"GO:0005705","7.412160334945205"
"GO:0097362","5.332718793265369"
"GO:0005700","6.71901315438526"
"GO:0005701","7.412160334945205"
"GO:0060418","6.71901315438526"
"GO:0060417","6.71901315438526"
"GO:0031248","3.6509602192516426"
"GO:0036266","6.71901315438526"
"GO:0031463","4.639571612705423"
"GO:0031240","6.025865973825314"
"GO:0031241","7.412160334945205"
"GO:0031244","7.412160334945205"
"GO:0031246","7.412160334945205"
"GO:0035658","5.8027224225111045"
"GO:0034451","5.214935757608986"
"GO:0009276","4.5217885770490405"
"GO:0036464","2.827192856274633"
"GO:0009274","4.23410650459726"
"GO:0009275","6.313548046277095"
"GO:0070867","7.412160334945205"
"GO:0070865","7.412160334945205"
"GO:0009279","4.01096295328305"
"GO:0070860","6.025865973825314"
"GO:0010370","6.313548046277095"
"GO:0071006","4.639571612705423"
"GO:0039713","6.313548046277095"
"GO:0060388","6.71901315438526"
"GO:0039714","6.313548046277095"
"GO:0034399","4.7041101338429945"
"GO:0034993","5.109575241951159"
"GO:0034992","7.412160334945205"
"GO:0034991","6.71901315438526"
"GO:0034990","6.025865973825314"
"GO:0009382","7.412160334945205"
"GO:0009380","5.62040086571715"
"GO:0042735","7.412160334945205"
"GO:0031467","5.109575241951159"
"GO:0055038","4.847210977483668"
"GO:0055035","5.014265062146834"
"GO:0055037","4.01096295328305"
"GO:0055036","6.71901315438526"
"GO:1990615","7.412160334945205"
"GO:0001669","4.847210977483668"
"GO:0009654","7.412160334945205"
"GO:0010168","7.412160334945205"
"GO:0010169","7.412160334945205"
"GO:0036286","7.412160334945205"
"GO:0008385","5.4662501858898915"
"GO:1990617","7.412160334945205"
"GO:0032997","6.71901315438526"
"GO:0032299","5.214935757608986"
"GO:0032996","6.313548046277095"
"GO:0032991","1.087801372563894"
"GO:0045298","4.847210977483668"
"GO:0045293","4.927253685157205"
"GO:0034973","7.412160334945205"
"GO:0034974","7.412160334945205"
"GO:0071133","6.71901315438526"
"GO:0070090","6.71901315438526"
"GO:0032998","6.71901315438526"
"GO:0060203","7.412160334945205"
"GO:0071782","5.014265062146834"
"GO:0001939","6.313548046277095"
"GO:0060187","5.214935757608986"
"GO:0070390","7.412160334945205"
"GO:0033503","4.639571612705423"
"GO:0031332","4.467721355778765"
"GO:0070419","5.214935757608986"
"GO:0070250","6.71901315438526"
"GO:0060201","6.313548046277095"
"GO:0000399","6.71901315438526"
"GO:0070258","6.71901315438526"
"GO:0034426","6.025865973825314"
"GO:0034424","7.412160334945205"
"GO:0034423","6.71901315438526"
"GO:0019197","7.412160334945205"
"GO:0001931","6.025865973825314"
"GO:0032126","5.8027224225111045"
"GO:0032127","6.313548046277095"
